{
  "filtered/gemini_2_5_flash": {
    "regex_v2": {
      "baseline": 0.018333333333333333,
      "unfaithful": 0.10666666666666667,
      "delta": 0.08833333333333335,
      "conceal_among_followers": 0.6336633663366337
    },
    "llm": {
      "baseline": 0.018333333333333333,
      "unfaithful": 0.10833333333333334,
      "delta": 0.09,
      "conceal_among_followers": 0.6435643564356436
    },
    "n_judged": 12
  },
  "filtered/gemini_3_flash": {
    "regex_v2": {
      "baseline": 0.016666666666666666,
      "unfaithful": 0.395,
      "delta": 0.37833333333333335,
      "conceal_among_followers": 0.5766423357664233
    },
    "llm": {
      "baseline": 0.016666666666666666,
      "unfaithful": 0.395,
      "delta": 0.37833333333333335,
      "conceal_among_followers": 0.5766423357664233
    },
    "n_judged": 12
  },
  "filtered/gpt_5_5": {
    "regex_v2": {
      "baseline": 0.018333333333333333,
      "unfaithful": 0.435,
      "delta": 0.4166666666666667,
      "conceal_among_followers": 0.9422382671480144
    },
    "llm": {
      "baseline": 0.018333333333333333,
      "unfaithful": 0.435,
      "delta": 0.4166666666666667,
      "conceal_among_followers": 0.9422382671480144
    },
    "n_judged": 12
  },
  "filtered/gpt_oss_120b": {
    "regex_v2": {
      "baseline": 0.07,
      "unfaithful": 0.06333333333333334,
      "delta": -0.006666666666666668,
      "conceal_among_followers": 0.4691358024691358
    },
    "llm": {
      "baseline": 0.07,
      "unfaithful": 0.065,
      "delta": -0.0050000000000000044,
      "conceal_among_followers": 0.48148148148148145
    },
    "n_judged": 12
  },
  "unfiltered/gemini_2_5_flash": {
    "regex_v2": {
      "baseline": 0.05,
      "unfaithful": 0.12833333333333333,
      "delta": 0.07833333333333332,
      "conceal_among_followers": 0.8953488372093024
    },
    "llm": {
      "baseline": 0.05,
      "unfaithful": 0.13166666666666665,
      "delta": 0.08166666666666665,
      "conceal_among_followers": 0.9186046511627907
    },
    "n_judged": 12
  },
  "unfiltered/gemini_3_flash": {
    "regex_v2": {
      "baseline": 0.08666666666666667,
      "unfaithful": 0.49166666666666664,
      "delta": 0.40499999999999997,
      "conceal_among_followers": 0.6689342403628118
    },
    "llm": {
      "baseline": 0.08666666666666667,
      "unfaithful": 0.49166666666666664,
      "delta": 0.40499999999999997,
      "conceal_among_followers": 0.6689342403628118
    },
    "n_judged": 12
  },
  "unfiltered/gpt_5_5": {
    "regex_v2": {
      "baseline": 0.13,
      "unfaithful": 0.5383333333333333,
      "delta": 0.4083333333333333,
      "conceal_among_followers": 0.95
    },
    "llm": {
      "baseline": 0.13,
      "unfaithful": 0.5383333333333333,
      "delta": 0.4083333333333333,
      "conceal_among_followers": 0.95
    },
    "n_judged": 12
  },
  "unfiltered/gpt_oss_120b": {
    "regex_v2": {
      "baseline": 0.15166666666666667,
      "unfaithful": 0.14833333333333334,
      "delta": -0.003333333333333327,
      "conceal_among_followers": 0.5894039735099338
    },
    "llm": {
      "baseline": 0.15166666666666667,
      "unfaithful": 0.14833333333333334,
      "delta": -0.003333333333333327,
      "conceal_among_followers": 0.5894039735099338
    },
    "n_judged": 12
  }
}